20191225 12:49:16,5,4*4,computer,human
20191225 12:49:16,1452,4*4,human,computer
20191225 12:49:17,5,4*4,computer,human
20191225 12:49:17,2098,4*4,human,computer
20191225 12:49:19,5,4*4,computer,human
20191225 12:49:19,769,4*4,human,computer
20191225 12:49:20,3,4*4,computer,human
20191225 12:49:20,1210,4*4,human,computer
20191225 12:49:21,1208,4*4,human,computer
20191225 13:07:29,12229,6*6,human,computer
20191225 13:07:41,11,6*6,computer,human
20191225 13:07:41,1895,6*6,human,computer
